[
  {
    "key": "product:001",
    "product_id": "001",
    "name": "Smart Watch",
    "category": "Electronics",
    "embedding": [0.1, 0.2, 0.15, 0.8, 0.3, 0.6, 0.4, 0.5]
  },
  {
    "key": "product:002",
    "product_id": "002",
    "name": "Fitness Band",
    "category": "Electronics",
    "embedding": [0.12, 0.18, 0.14, 0.82, 0.28, 0.62, 0.38, 0.52]
  },
  {
    "key": "product:003",
    "product_id": "003",
    "name": "Running Shoes",
    "category": "Sports",
    "embedding": [0.7, 0.6, 0.65, 0.2, 0.8, 0.3, 0.9, 0.4]
  },
  {
    "key": "product:004",
    "product_id": "004",
    "name": "Basketball Shoes",
    "category": "Sports",
    "embedding": [0.68, 0.62, 0.63, 0.22, 0.78, 0.32, 0.88, 0.42]
  },
  {
    "key": "product:005",
    "product_id": "005",
    "name": "Generic Item",
    "category": "General",
    "embedding": [0.5, 0.5, 0.5, 0.5, 0.5, 0.5, 0.5, 0.5]
  },
  {
    "key": "product:006",
    "product_id": "006",
    "name": "Hiking Boot",
    "category": "Sports",
    "embedding": [0.75, 0.55, 0.7, 0.15, 0.85, 0.25, 0.95, 0.35]
  },
  {
    "key": "product:007",
    "product_id": "007",
    "name": "Bluetooth Speaker",
    "category": "Electronics",
    "embedding": [0.3, 0.8, 0.4, 0.3, 0.6, 0.9, 0.2, 0.7]
  },
  {
    "key": "product:008",
    "product_id": "008",
    "name": "Athletic Jacket",
    "category": "Apparel",
    "embedding": [0.6, 0.4, 0.7, 0.4, 0.65, 0.5, 0.8, 0.45]
  },
  {
    "key": "product:009",
    "product_id": "009",
    "name": "Premium Backpack",
    "category": "Travel",
    "embedding": [0.55, 0.65, 0.6, 0.35, 0.7, 0.45, 0.75, 0.55]
  },
  {
    "key": "product:010",
    "product_id": "010",
    "name": "Coffee Maker",
    "category": "Home",
    "embedding": [0.25, 0.75, 0.3, 0.25, 0.55, 0.85, 0.15, 0.65]
  }
]
