[
  {
    "key": "vector:product_001",
    "vector": [0.1, 0.2, 0.15, 0.8, 0.3, 0.6, 0.4, 0.5],
    "metadata": {
      "product_id": "001",
      "name": "Smart Watch",
      "category": "Electronics"
    }
  },
  {
    "key": "vector:product_002",
    "vector": [0.12, 0.18, 0.14, 0.82, 0.28, 0.62, 0.38, 0.52],
    "metadata": {
      "product_id": "002",
      "name": "Fitness Band",
      "category": "Electronics"
    }
  },
  {
    "key": "vector:product_003",
    "vector": [0.7, 0.6, 0.65, 0.2, 0.8, 0.3, 0.9, 0.4],
    "metadata": {
      "product_id": "003",
      "name": "Running Shoes",
      "category": "Sports"
    }
  },
  {
    "key": "vector:product_004",
    "vector": [0.68, 0.62, 0.63, 0.22, 0.78, 0.32, 0.88, 0.42],
    "metadata": {
      "product_id": "004",
      "name": "Basketball Shoes",
      "category": "Sports"
    }
  },
  {
    "key": "vector:product_005",
    "vector": [0.5, 0.5, 0.5, 0.5, 0.5, 0.5, 0.5, 0.5],
    "metadata": {
      "product_id": "005",
      "name": "Generic Item",
      "category": "General"
    }
  },
  {
    "key": "vector:product_006",
    "vector": [0.75, 0.55, 0.7, 0.15, 0.85, 0.25, 0.95, 0.35],
    "metadata": {
      "product_id": "006",
      "name": "Hiking Boot",
      "category": "Sports"
    }
  },
  {
    "key": "vector:product_007",
    "vector": [0.3, 0.8, 0.4, 0.3, 0.6, 0.9, 0.2, 0.7],
    "metadata": {
      "product_id": "007",
      "name": "Bluetooth Speaker",
      "category": "Electronics"
    }
  },
  {
    "key": "vector:product_008",
    "vector": [0.6, 0.4, 0.7, 0.4, 0.65, 0.5, 0.8, 0.45],
    "metadata": {
      "product_id": "008",
      "name": "Athletic Jacket",
      "category": "Apparel"
    }
  },
  {
    "key": "vector:product_009",
    "vector": [0.55, 0.65, 0.6, 0.35, 0.7, 0.45, 0.75, 0.55],
    "metadata": {
      "product_id": "009",
      "name": "Premium Backpack",
      "category": "Travel"
    }
  },
  {
    "key": "vector:product_010",
    "vector": [0.25, 0.75, 0.3, 0.25, 0.55, 0.85, 0.15, 0.65],
    "metadata": {
      "product_id": "010",
      "name": "Coffee Maker",
      "category": "Home"
    }
  }
]
