{
  "products": [
    {
      "name": "Espresso Machine",
      "category": "Home",
      "description": "Professional espresso machine with milk frother and programmable settings",
      "price": 299.99,
      "embedding": [
        0.04,
        0.01,
        0.02,
        0.05,
        0.07,
        0.1,
        0.13,
        0.16,
        0.2,
        0.24,
        0.27,
        0.3,
        0.83,
        0.86,
        0.9,
        0.93,
        0.06,
        0.03,
        0.0,
        0.03,
        0.09,
        0.12,
        0.15,
        0.18,
        0.22,
        0.26,
        0.29,
        0.32,
        0.85,
        0.88,
        0.92,
        0.95,
        0.05,
        0.02,
        0.01,
        0.04,
        0.08,
        0.11,
        0.14,
        0.17,
        0.21,
        0.25,
        0.28,
        0.31,
        0.84,
        0.87,
        0.91,
        0.94,
        0.07,
        0.04,
        0.01,
        0.02,
        0.1,
        0.13,
        0.16,
        0.19,
        0.23,
        0.27,
        0.3,
        0.33,
        0.86,
        0.89,
        0.93,
        0.96,
        0.03,
        0.0,
        0.03,
        0.06,
        0.06,
        0.09,
        0.12,
        0.15,
        0.19,
        0.23,
        0.26,
        0.29,
        0.82,
        0.85,
        0.89,
        0.92,
        0.08,
        0.05,
        0.02,
        0.01,
        0.11,
        0.14,
        0.17,
        0.2,
        0.24,
        0.28,
        0.31,
        0.34,
        0.87,
        0.9,
        0.94,
        0.97,
        0.04,
        0.01,
        0.02,
        0.05,
        0.07,
        0.1,
        0.13,
        0.16,
        0.2,
        0.24,
        0.27,
        0.3,
        0.83,
        0.86,
        0.9,
        0.93,
        0.06,
        0.03,
        0.0,
        0.03,
        0.09,
        0.12,
        0.15,
        0.18,
        0.22,
        0.26,
        0.29,
        0.32,
        0.85,
        0.88,
        0.92,
        0.95,
        0.05,
        0.02,
        0.01,
        0.04,
        0.08,
        0.11,
        0.14,
        0.17,
        0.21,
        0.25,
        0.28,
        0.31,
        0.84,
        0.87,
        0.91,
        0.94,
        0.07,
        0.04,
        0.01,
        0.02,
        0.1,
        0.13,
        0.16,
        0.19,
        0.23,
        0.27,
        0.3,
        0.33,
        0.86,
        0.89,
        0.93,
        0.96,
        0.03,
        0.0,
        0.03,
        0.06,
        0.06,
        0.09,
        0.12,
        0.15,
        0.19,
        0.23,
        0.26,
        0.29,
        0.82,
        0.85,
        0.89,
        0.92,
        0.08,
        0.05,
        0.02,
        0.01,
        0.11,
        0.14,
        0.17,
        0.2,
        0.24,
        0.28,
        0.31,
        0.34,
        0.87,
        0.9,
        0.94,
        0.97,
        0.04,
        0.01,
        0.02,
        0.05,
        0.07,
        0.1,
        0.13,
        0.16,
        0.2,
        0.24,
        0.27,
        0.3,
        0.83,
        0.86,
        0.9,
        0.93,
        0.06,
        0.03,
        0.0,
        0.03,
        0.09,
        0.12,
        0.15,
        0.18,
        0.22,
        0.26,
        0.29,
        0.32,
        0.85,
        0.88,
        0.92,
        0.95,
        0.05,
        0.02,
        0.01,
        0.04,
        0.08,
        0.11,
        0.14,
        0.17,
        0.21,
        0.25,
        0.28,
        0.31,
        0.84,
        0.87,
        0.91,
        0.94,
        0.07,
        0.04,
        0.01,
        0.02,
        0.1,
        0.13,
        0.16,
        0.19,
        0.23,
        0.27,
        0.3,
        0.33,
        0.86,
        0.89,
        0.93,
        0.96,
        0.03,
        0.0,
        0.03,
        0.06,
        0.06,
        0.09,
        0.12,
        0.15,
        0.19,
        0.23,
        0.26,
        0.29,
        0.82,
        0.85,
        0.89,
        0.92,
        0.08,
        0.05,
        0.02,
        0.01,
        0.11,
        0.14,
        0.17,
        0.2,
        0.24,
        0.28,
        0.31,
        0.34,
        0.87,
        0.9,
        0.94,
        0.97,
        0.04,
        0.01,
        0.02,
        0.05,
        0.07,
        0.1,
        0.13,
        0.16,
        0.2,
        0.24,
        0.04,
        0.01,
        0.02,
        0.05,
        0.07,
        0.1,
        0.13,
        0.16,
        0.2,
        0.24,
        0.27,
        0.3,
        0.83,
        0.86,
        0.9,
        0.93,
        0.06,
        0.03,
        0.0,
        0.03,
        0.09,
        0.12,
        0.15,
        0.18,
        0.22,
        0.26,
        0.29,
        0.32,
        0.85,
        0.88,
        0.92,
        0.95
      ]
    },
    {
      "name": "Wireless Gaming Mouse",
      "category": "Computers",
      "description": "High precision wireless gaming mouse with programmable buttons and RGB lighting",
      "price": 79.99,
      "embedding": [
        0.22,
        0.25,
        0.29,
        0.32,
        0.76,
        0.72,
        0.69,
        0.66,
        0.19,
        0.15,
        0.12,
        0.09,
        0.79,
        0.82,
        0.86,
        0.89,
        0.24,
        0.27,
        0.31,
        0.34,
        0.78,
        0.74,
        0.71,
        0.68,
        0.21,
        0.17,
        0.14,
        0.11,
        0.81,
        0.84,
        0.88,
        0.91,
        0.23,
        0.26,
        0.3,
        0.33,
        0.77,
        0.73,
        0.7,
        0.67,
        0.2,
        0.16,
        0.13,
        0.1,
        0.8,
        0.83,
        0.87,
        0.9,
        0.25,
        0.28,
        0.32,
        0.35,
        0.79,
        0.75,
        0.72,
        0.69,
        0.22,
        0.18,
        0.15,
        0.12,
        0.82,
        0.85,
        0.89,
        0.92,
        0.21,
        0.24,
        0.28,
        0.31,
        0.75,
        0.71,
        0.68,
        0.65,
        0.18,
        0.14,
        0.11,
        0.08,
        0.78,
        0.81,
        0.85,
        0.88,
        0.26,
        0.29,
        0.33,
        0.36,
        0.8,
        0.76,
        0.73,
        0.7,
        0.23,
        0.19,
        0.16,
        0.13,
        0.83,
        0.86,
        0.9,
        0.93,
        0.22,
        0.25,
        0.29,
        0.32,
        0.76,
        0.72,
        0.69,
        0.66,
        0.19,
        0.15,
        0.12,
        0.09,
        0.79,
        0.82,
        0.86,
        0.89,
        0.24,
        0.27,
        0.31,
        0.34,
        0.78,
        0.74,
        0.71,
        0.68,
        0.21,
        0.17,
        0.14,
        0.11,
        0.81,
        0.84,
        0.88,
        0.91,
        0.23,
        0.26,
        0.3,
        0.33,
        0.77,
        0.73,
        0.7,
        0.67,
        0.2,
        0.16,
        0.13,
        0.1,
        0.8,
        0.83,
        0.87,
        0.9,
        0.25,
        0.28,
        0.32,
        0.35,
        0.79,
        0.75,
        0.72,
        0.69,
        0.22,
        0.18,
        0.15,
        0.12,
        0.82,
        0.85,
        0.89,
        0.92,
        0.21,
        0.24,
        0.28,
        0.31,
        0.75,
        0.71,
        0.68,
        0.65,
        0.18,
        0.14,
        0.11,
        0.08,
        0.78,
        0.81,
        0.85,
        0.88,
        0.26,
        0.29,
        0.33,
        0.36,
        0.8,
        0.76,
        0.73,
        0.7,
        0.23,
        0.19,
        0.16,
        0.13,
        0.83,
        0.86,
        0.9,
        0.93,
        0.22,
        0.25,
        0.29,
        0.32,
        0.76,
        0.72,
        0.69,
        0.66,
        0.19,
        0.15,
        0.12,
        0.09,
        0.79,
        0.82,
        0.86,
        0.89,
        0.24,
        0.27,
        0.31,
        0.34,
        0.78,
        0.74,
        0.71,
        0.68,
        0.21,
        0.17,
        0.14,
        0.11,
        0.81,
        0.84,
        0.88,
        0.91,
        0.23,
        0.26,
        0.3,
        0.33,
        0.77,
        0.73,
        0.7,
        0.67,
        0.2,
        0.16,
        0.13,
        0.1,
        0.8,
        0.83,
        0.87,
        0.9,
        0.25,
        0.28,
        0.32,
        0.35,
        0.79,
        0.75,
        0.72,
        0.69,
        0.22,
        0.18,
        0.15,
        0.12,
        0.82,
        0.85,
        0.89,
        0.92,
        0.21,
        0.24,
        0.28,
        0.31,
        0.75,
        0.71,
        0.68,
        0.65,
        0.18,
        0.14,
        0.11,
        0.08,
        0.78,
        0.81,
        0.85,
        0.88,
        0.26,
        0.29,
        0.33,
        0.36,
        0.8,
        0.76,
        0.73,
        0.7,
        0.23,
        0.19,
        0.16,
        0.13,
        0.83,
        0.86,
        0.9,
        0.93,
        0.22,
        0.25,
        0.29,
        0.32,
        0.76,
        0.72,
        0.69,
        0.66,
        0.19,
        0.15,
        0.22,
        0.25,
        0.29,
        0.32,
        0.76,
        0.72,
        0.69,
        0.66,
        0.19,
        0.15,
        0.12,
        0.09,
        0.79,
        0.82,
        0.86,
        0.89,
        0.24,
        0.27,
        0.31,
        0.34,
        0.78,
        0.74,
        0.71,
        0.68,
        0.21,
        0.17,
        0.14,
        0.11,
        0.81,
        0.84,
        0.88,
        0.91
      ]
    },
    {
      "name": "Fitness Tracker Band",
      "category": "Electronics",
      "description": "Slim fitness tracker with step counting, sleep monitoring, and phone notifications",
      "price": 49.99,
      "embedding": [
        0.7,
        0.66,
        0.63,
        0.6,
        0.27,
        0.24,
        0.2,
        0.17,
        0.3,
        0.34,
        0.37,
        0.4,
        0.47,
        0.5,
        0.54,
        0.57,
        0.73,
        0.7,
        0.66,
        0.63,
        0.29,
        0.26,
        0.22,
        0.19,
        0.32,
        0.36,
        0.39,
        0.42,
        0.49,
        0.52,
        0.56,
        0.59,
        0.71,
        0.68,
        0.64,
        0.61,
        0.28,
        0.25,
        0.21,
        0.18,
        0.31,
        0.35,
        0.38,
        0.41,
        0.48,
        0.51,
        0.55,
        0.58,
        0.72,
        0.69,
        0.65,
        0.62,
        0.3,
        0.27,
        0.23,
        0.2,
        0.33,
        0.37,
        0.4,
        0.43,
        0.5,
        0.53,
        0.57,
        0.6,
        0.69,
        0.66,
        0.62,
        0.59,
        0.26,
        0.23,
        0.19,
        0.16,
        0.29,
        0.33,
        0.36,
        0.39,
        0.46,
        0.49,
        0.53,
        0.56,
        0.74,
        0.71,
        0.67,
        0.64,
        0.31,
        0.28,
        0.24,
        0.21,
        0.34,
        0.38,
        0.41,
        0.44,
        0.51,
        0.54,
        0.58,
        0.61,
        0.7,
        0.67,
        0.63,
        0.6,
        0.27,
        0.24,
        0.2,
        0.17,
        0.3,
        0.34,
        0.37,
        0.4,
        0.47,
        0.5,
        0.54,
        0.57,
        0.73,
        0.7,
        0.66,
        0.63,
        0.29,
        0.26,
        0.22,
        0.19,
        0.32,
        0.36,
        0.39,
        0.42,
        0.49,
        0.52,
        0.56,
        0.59,
        0.71,
        0.68,
        0.64,
        0.61,
        0.28,
        0.25,
        0.21,
        0.18,
        0.31,
        0.35,
        0.38,
        0.41,
        0.48,
        0.51,
        0.55,
        0.58,
        0.72,
        0.69,
        0.65,
        0.62,
        0.3,
        0.27,
        0.23,
        0.2,
        0.33,
        0.37,
        0.4,
        0.43,
        0.5,
        0.53,
        0.57,
        0.6,
        0.69,
        0.66,
        0.62,
        0.59,
        0.26,
        0.23,
        0.19,
        0.16,
        0.29,
        0.33,
        0.36,
        0.39,
        0.46,
        0.49,
        0.53,
        0.56,
        0.74,
        0.71,
        0.67,
        0.64,
        0.31,
        0.28,
        0.24,
        0.21,
        0.34,
        0.38,
        0.41,
        0.44,
        0.51,
        0.54,
        0.58,
        0.61,
        0.7,
        0.67,
        0.63,
        0.6,
        0.27,
        0.24,
        0.2,
        0.17,
        0.3,
        0.34,
        0.37,
        0.4,
        0.47,
        0.5,
        0.54,
        0.57,
        0.73,
        0.7,
        0.66,
        0.63,
        0.29,
        0.26,
        0.22,
        0.19,
        0.32,
        0.36,
        0.39,
        0.42,
        0.49,
        0.52,
        0.56,
        0.59,
        0.71,
        0.68,
        0.64,
        0.61,
        0.28,
        0.25,
        0.21,
        0.18,
        0.31,
        0.35,
        0.38,
        0.41,
        0.48,
        0.51,
        0.55,
        0.58,
        0.72,
        0.69,
        0.65,
        0.62,
        0.3,
        0.27,
        0.23,
        0.2,
        0.33,
        0.37,
        0.4,
        0.43,
        0.5,
        0.53,
        0.57,
        0.6,
        0.69,
        0.66,
        0.62,
        0.59,
        0.26,
        0.23,
        0.19,
        0.16,
        0.29,
        0.33,
        0.36,
        0.39,
        0.46,
        0.49,
        0.53,
        0.56,
        0.74,
        0.71,
        0.67,
        0.64,
        0.31,
        0.28,
        0.24,
        0.21,
        0.34,
        0.38,
        0.41,
        0.44,
        0.51,
        0.54,
        0.58,
        0.61,
        0.7,
        0.67,
        0.63,
        0.6,
        0.27,
        0.24,
        0.2,
        0.17,
        0.3,
        0.34,
        0.7,
        0.66,
        0.63,
        0.6,
        0.27,
        0.24,
        0.2,
        0.17,
        0.3,
        0.34,
        0.37,
        0.4,
        0.47,
        0.5,
        0.54,
        0.57,
        0.73,
        0.7,
        0.66,
        0.63,
        0.29,
        0.26,
        0.22,
        0.19,
        0.32,
        0.36,
        0.39,
        0.42,
        0.49,
        0.52,
        0.56,
        0.59
      ]
    }
  ]
}